<?xml version="1.0"?>

<valgrindoutput>

<protocolversion>4</protocolversion>
<protocoltool>memcheck</protocoltool>

<preamble>
  <line>Memcheck, a memory error detector</line>
  <line>Copyright (C) 2002-2017, and GNU GPL'd, by Julian Seward et al.</line>
  <line>Using Valgrind-3.13.0 and LibVEX; rerun with -h for copyright info</line>
  <line>Command: /home/janniele/Dropbox/Docente-UFOP/Aulas20201_Remoto/AEDS2/moodle/Pratica/TP/bin/Debug/AEDSII</line>
</preamble>

<pid>9166</pid>
<ppid>8623</ppid>
<tool>memcheck</tool>

<args>
  <vargv>
    <exe>/usr/bin/valgrind.bin</exe>
    <arg>--leak-check=full</arg>
    <arg>--track-origins=yes</arg>
    <arg>--xml=yes</arg>
    <arg>--xml-file=/home/janniele/Dropbox/Docente-UFOP/Aulas20201_Remoto/AEDS2/moodle/Pratica/TP/ValgrindOut.xml</arg>
  </vargv>
  <argv>
    <exe>/home/janniele/Dropbox/Docente-UFOP/Aulas20201_Remoto/AEDS2/moodle/Pratica/TP/bin/Debug/AEDSII</exe>
  </argv>
</args>

<status>
  <state>RUNNING</state>
  <time>00:00:00:00.094 </time>
</status>


<status>
  <state>FINISHED</state>
  <time>00:00:00:00.675 </time>
</status>

<errorcounts>
</errorcounts>

<suppcounts>
</suppcounts>

</valgrindoutput>

